<?xml version="1.0" encoding="UTF-8"?>
<project-private xmlns="http://www.netbeans.org/ns/project-private/1">
    <editor-bookmarks xmlns="http://www.netbeans.org/ns/editor-bookmarks/2" lastBookmarkId="0"/>
    <open-files xmlns="http://www.netbeans.org/ns/projectui-open-files/2">
        <group>
            <file>file:/D:/Study/Sem%203/Database%20System/Group%20work/Library/src/Main/UserLoginSuccess.java</file>
            <file>file:/D:/Study/Sem%203/Database%20System/Group%20work/Library/src/Main/LibrarianLogin.java</file>
            <file>file:/D:/Study/Sem%203/Database%20System/Group%20work/Library/src/Main/LibrarianSuccess.java</file>
            <file>file:/D:/Study/Sem%203/Database%20System/Group%20work/Library/src/Main/IssueBookForm.java</file>
            <file>file:/D:/Study/Sem%203/Database%20System/Group%20work/Library/src/Main/AllStudent.java</file>
            <file>file:/D:/Study/Sem%203/Database%20System/Group%20work/Library/src/Main/NewView.java</file>
            <file>file:/D:/Study/Sem%203/Database%20System/Group%20work/Library/src/Main/DeleteBook.java</file>
            <file>file:/D:/Study/Sem%203/Database%20System/Group%20work/Library/src/Main/UsersDao.java</file>
            <file>file:/D:/Study/Sem%203/Database%20System/Group%20work/Library/src/Main/UserViewBook.java</file>
            <file>file:/D:/Study/Sem%203/Database%20System/Group%20work/Library/src/Main/ViewBook.java</file>
            <file>file:/D:/Study/Sem%203/Database%20System/Group%20work/Library/src/Main/BookForm.java</file>
            <file>file:/D:/Study/Sem%203/Database%20System/Group%20work/Library/src/Main/MainLibrary.java</file>
            <file>file:/D:/Study/Sem%203/Database%20System/Group%20work/Library/src/Main/UserView.java</file>
            <file>file:/D:/Study/Sem%203/Database%20System/Group%20work/Library/src/Main/UserForm.java</file>
            <file>file:/D:/Study/Sem%203/Database%20System/Group%20work/Library/src/Main/UserLogin.java</file>
            <file>file:/D:/Study/Sem%203/Database%20System/Group%20work/Library/src/Main/LibrarianDao.java</file>
            <file>file:/D:/Study/Sem%203/Database%20System/Group%20work/Library/src/Main/ReturnBookForm.java</file>
        </group>
    </open-files>
</project-private>
